acm_mirum_6323633.bpm, 42.00
acm_mirum_2266876.bpm, 82.00
acm_mirum_4988784.bpm, 90.00
acm_mirum_3478067.bpm, 82.00
acm_mirum_8353136.bpm, 90.00
acm_mirum_3222400.bpm, 125.00
acm_mirum_158072.bpm, 134.50
acm_mirum_5302055.bpm, 81.50
acm_mirum_1775787.bpm, 131.00
acm_mirum_9483320.bpm, 134.50
acm_mirum_1356747.bpm, 134.50
acm_mirum_338416.bpm, 97.00
acm_mirum_139591.bpm, 111.00
acm_mirum_10443543.bpm, 191.00
acm_mirum_3471224.bpm, 78.00
acm_mirum_6766294.bpm, 165.00
acm_mirum_3237369.bpm, 130.00
acm_mirum_1390423.bpm, 107.00
acm_mirum_3857195.bpm, 117.00
acm_mirum_401844.bpm, 140.00
acm_mirum_4313406.bpm, 81.00
acm_mirum_13409028.bpm, 163.00
acm_mirum_212178.bpm, 83.00
acm_mirum_6713613.bpm, 71.00
acm_mirum_3109487.bpm, 164.00
acm_mirum_4877586.bpm, 110.00
acm_mirum_3872635.bpm, 76.00
acm_mirum_14822144.bpm, 80.00
acm_mirum_4959116.bpm, 138.00
acm_mirum_3300485.bpm, 72.00
acm_mirum_3216125.bpm, 85.50
acm_mirum_4958998.bpm, 84.50
acm_mirum_11776496.bpm, 90.00
acm_mirum_4019205.bpm, 121.00
acm_mirum_217385.bpm, 67.00
acm_mirum_303993.bpm, 80.50
acm_mirum_3274053.bpm, 110.00
acm_mirum_3151491.bpm, 75.00
acm_mirum_3299404.bpm, 48.00
acm_mirum_3381143.bpm, 136.00
acm_mirum_5614775.bpm, 58.00
acm_mirum_3349430.bpm, 75.00
acm_mirum_686240.bpm, 88.00
acm_mirum_8994022.bpm, 62.50
acm_mirum_3138181.bpm, 88.00
acm_mirum_6987523.bpm, 80.00
acm_mirum_3379877.bpm, 105.00
acm_mirum_3341733.bpm, 135.00
acm_mirum_2676010.bpm, 95.00
acm_mirum_3275209.bpm, 134.50
acm_mirum_162068.bpm, 95.00
acm_mirum_164672.bpm, 141.50
acm_mirum_1134848.bpm, 88.00
acm_mirum_227959.bpm, 144.00
acm_mirum_11554698.bpm, 67.00
acm_mirum_3348085.bpm, 136.50
acm_mirum_4370492.bpm, 120.00
acm_mirum_3721171.bpm, 86.50
acm_mirum_828899.bpm, 101.00
acm_mirum_250759.bpm, 70.00
acm_mirum_15462706.bpm, 83.50
acm_mirum_3140687.bpm, 151.00
acm_mirum_3475464.bpm, 157.00
acm_mirum_497438.bpm, 83.00
acm_mirum_3153471.bpm, 74.00
acm_mirum_1139588.bpm, 74.00
acm_mirum_2706186.bpm, 86.50
acm_mirum_1549188.bpm, 112.00
acm_mirum_3166393.bpm, 126.00
acm_mirum_6815831.bpm, 98.00
acm_mirum_304274.bpm, 103.00
acm_mirum_8707031.bpm, 131.00
acm_mirum_10809231.bpm, 110.00
acm_mirum_7274831.bpm, 103.00
acm_mirum_3812491.bpm, 74.00
acm_mirum_6166717.bpm, 77.00
acm_mirum_5322002.bpm, 94.00
acm_mirum_511895.bpm, 99.00
acm_mirum_1827606.bpm, 115.00
acm_mirum_5392058.bpm, 85.00
acm_mirum_3330775.bpm, 90.00
acm_mirum_3314177.bpm, 93.00
acm_mirum_14981410.bpm, 76.00
acm_mirum_721136.bpm, 60.00
acm_mirum_3261322.bpm, 72.50
acm_mirum_4187892.bpm, 151.00
acm_mirum_2286321.bpm, 121.00
acm_mirum_3531299.bpm, 73.50
acm_mirum_2042371.bpm, 82.00
acm_mirum_3604688.bpm, 93.00
acm_mirum_3530439.bpm, 110.00
acm_mirum_160201.bpm, 127.00
acm_mirum_11879927.bpm, 123.00
acm_mirum_6572778.bpm, 76.00
acm_mirum_3304721.bpm, 109.00
acm_mirum_6518092.bpm, 135.00
acm_mirum_2204435.bpm, 77.00
acm_mirum_4958985.bpm, 77.00
acm_mirum_12723242.bpm, 72.00
acm_mirum_4543538.bpm, 83.00
acm_mirum_3254200.bpm, 86.00
acm_mirum_5590801.bpm, 110.50
acm_mirum_6425639.bpm, 68.00
acm_mirum_4890681.bpm, 101.50
acm_mirum_436.bpm, 130.00
acm_mirum_3456554.bpm, 74.00
acm_mirum_157976.bpm, 108.00
acm_mirum_3637184.bpm, 85.00
acm_mirum_417180.bpm, 58.00
acm_mirum_2405847.bpm, 135.00
acm_mirum_303696.bpm, 48.00
acm_mirum_7041838.bpm, 94.00
acm_mirum_574943.bpm, 73.00
acm_mirum_5819887.bpm, 100.00
acm_mirum_2355900.bpm, 79.00
acm_mirum_351803.bpm, 93.50
acm_mirum_3128987.bpm, 115.00
acm_mirum_565665.bpm, 149.00
acm_mirum_161338.bpm, 143.00
acm_mirum_3685320.bpm, 66.50
acm_mirum_772125.bpm, 100.00
acm_mirum_7538331.bpm, 126.00
acm_mirum_4004992.bpm, 101.50
acm_mirum_3188164.bpm, 92.00
acm_mirum_981909.bpm, 91.00
acm_mirum_7015853.bpm, 94.00
acm_mirum_4378101.bpm, 132.50
acm_mirum_4721585.bpm, 97.00
acm_mirum_2057532.bpm, 156.00
acm_mirum_6863617.bpm, 141.00
acm_mirum_3158634.bpm, 71.00
acm_mirum_2703124.bpm, 155.50
acm_mirum_3321908.bpm, 184.50
acm_mirum_5708639.bpm, 75.00
acm_mirum_13041056.bpm, 180.00
acm_mirum_9146401.bpm, 151.00
acm_mirum_4314361.bpm, 104.00
acm_mirum_1441444.bpm, 98.00
acm_mirum_2033105.bpm, 97.00
acm_mirum_5739683.bpm, 106.00
acm_mirum_3152092.bpm, 50.00
acm_mirum_16040691.bpm, 103.50
acm_mirum_1753316.bpm, 109.00
acm_mirum_6406005.bpm, 135.00
acm_mirum_3275377.bpm, 74.00
acm_mirum_2186323.bpm, 185.00
acm_mirum_195594.bpm, 147.00
acm_mirum_3104557.bpm, 91.00
acm_mirum_3492449.bpm, 105.00
acm_mirum_4479885.bpm, 102.00
acm_mirum_698208.bpm, 112.00
acm_mirum_2996873.bpm, 151.00
acm_mirum_3245306.bpm, 70.50
acm_mirum_6686943.bpm, 73.00
acm_mirum_167768.bpm, 81.00
acm_mirum_277840.bpm, 116.00
acm_mirum_2547465.bpm, 163.00
acm_mirum_2497096.bpm, 139.00
acm_mirum_3742818.bpm, 83.00
acm_mirum_3297206.bpm, 125.00
acm_mirum_4244039.bpm, 75.00
acm_mirum_6828275.bpm, 152.00
acm_mirum_8392.bpm, 76.00
acm_mirum_4366173.bpm, 93.00
acm_mirum_3354408.bpm, 72.00
acm_mirum_3263459.bpm, 106.00
acm_mirum_11030307.bpm, 160.50
acm_mirum_148097.bpm, 94.00
acm_mirum_3579126.bpm, 114.00
acm_mirum_2197902.bpm, 113.00
acm_mirum_2631260.bpm, 165.00
acm_mirum_9512051.bpm, 67.00
acm_mirum_1492191.bpm, 47.00
acm_mirum_2362649.bpm, 84.00
acm_mirum_555788.bpm, 93.00
acm_mirum_4761642.bpm, 117.00
acm_mirum_129570.bpm, 40.00
acm_mirum_558885.bpm, 61.00
acm_mirum_3131812.bpm, 83.00
acm_mirum_2431362.bpm, 131.50
acm_mirum_3997585.bpm, 160.00
acm_mirum_3747963.bpm, 84.00
acm_mirum_10258351.bpm, 234.50
acm_mirum_2662419.bpm, 179.00
acm_mirum_3269202.bpm, 106.50
acm_mirum_4457573.bpm, 170.00
acm_mirum_3566958.bpm, 110.00
acm_mirum_1525753.bpm, 89.00
acm_mirum_5302454.bpm, 88.00
acm_mirum_4502301.bpm, 48.50
acm_mirum_1573595.bpm, 92.00
acm_mirum_173046.bpm, 69.00
acm_mirum_4760470.bpm, 43.00
acm_mirum_9973667.bpm, 91.00
acm_mirum_428088.bpm, 143.00
acm_mirum_13086293.bpm, 164.00
acm_mirum_7251397.bpm, 63.00
acm_mirum_2513887.bpm, 145.00
acm_mirum_6367151.bpm, 58.00
acm_mirum_3505113.bpm, 134.00
acm_mirum_2675972.bpm, 69.00
acm_mirum_1827592.bpm, 80.00
acm_mirum_857430.bpm, 103.50
acm_mirum_168497.bpm, 67.00
acm_mirum_11883189.bpm, 82.00
acm_mirum_8204936.bpm, 153.00
acm_mirum_446332.bpm, 89.00
acm_mirum_8353132.bpm, 90.00
acm_mirum_13876361.bpm, 141.00
acm_mirum_717648.bpm, 128.00
acm_mirum_174099.bpm, 93.00
acm_mirum_4295147.bpm, 69.00
acm_mirum_4765796.bpm, 92.00
acm_mirum_148131.bpm, 115.00
acm_mirum_4725414.bpm, 92.00
acm_mirum_15423946.bpm, 102.00
acm_mirum_3282732.bpm, 50.00
acm_mirum_4143118.bpm, 71.00
acm_mirum_3206185.bpm, 65.00
acm_mirum_1833858.bpm, 143.00
acm_mirum_337518.bpm, 73.00
acm_mirum_3157509.bpm, 86.00
acm_mirum_496686.bpm, 95.00
acm_mirum_362505.bpm, 133.00
acm_mirum_3171363.bpm, 75.00
acm_mirum_2360103.bpm, 114.00
acm_mirum_4613695.bpm, 143.00
acm_mirum_3369040.bpm, 92.50
acm_mirum_3229414.bpm, 75.00
acm_mirum_12185316.bpm, 78.50
acm_mirum_7543656.bpm, 137.00
acm_mirum_15611552.bpm, 166.00
acm_mirum_2899047.bpm, 94.00
acm_mirum_11721306.bpm, 117.00
acm_mirum_12638738.bpm, 62.00
acm_mirum_4006640.bpm, 132.00
acm_mirum_253484.bpm, 68.00
acm_mirum_4459487.bpm, 120.00
acm_mirum_3314802.bpm, 51.00
acm_mirum_4755783.bpm, 118.50
acm_mirum_6310582.bpm, 71.00
acm_mirum_3162532.bpm, 114.00
acm_mirum_4144550.bpm, 108.00
acm_mirum_6333803.bpm, 74.00
acm_mirum_2339246.bpm, 87.00
acm_mirum_3287751.bpm, 99.00
acm_mirum_5462424.bpm, 168.00
acm_mirum_305082.bpm, 76.00
acm_mirum_158129.bpm, 77.50
acm_mirum_4983499.bpm, 95.00
acm_mirum_215429.bpm, 144.00
acm_mirum_238654.bpm, 107.00
acm_mirum_6086930.bpm, 139.50
acm_mirum_166247.bpm, 85.00
acm_mirum_2074.bpm, 100.00
acm_mirum_13539216.bpm, 75.00
acm_mirum_3529465.bpm, 63.00
acm_mirum_89811.bpm, 129.00
acm_mirum_1408633.bpm, 120.00
acm_mirum_4300923.bpm, 143.00
acm_mirum_6337667.bpm, 130.00
acm_mirum_3565391.bpm, 131.00
acm_mirum_7267709.bpm, 150.00
acm_mirum_9468172.bpm, 110.00
acm_mirum_165732.bpm, 106.00
acm_mirum_6462194.bpm, 100.00
acm_mirum_10894322.bpm, 98.00
acm_mirum_3544005.bpm, 76.00
acm_mirum_2347473.bpm, 63.00
acm_mirum_5615520.bpm, 128.00
acm_mirum_129214.bpm, 96.00
acm_mirum_4729138.bpm, 76.00
acm_mirum_4886691.bpm, 63.00
acm_mirum_4284233.bpm, 70.00
acm_mirum_7466527.bpm, 108.00
acm_mirum_3151484.bpm, 55.50
acm_mirum_3357864.bpm, 71.00
acm_mirum_6313982.bpm, 91.00
acm_mirum_4732824.bpm, 68.00
acm_mirum_273761.bpm, 88.00
acm_mirum_2224710.bpm, 92.00
acm_mirum_3999662.bpm, 82.00
acm_mirum_770045.bpm, 125.00
acm_mirum_8590677.bpm, 87.00
acm_mirum_3110112.bpm, 142.50
acm_mirum_158192.bpm, 108.00
acm_mirum_3272648.bpm, 76.00
acm_mirum_861190.bpm, 96.00
acm_mirum_2233308.bpm, 146.00
acm_mirum_2761708.bpm, 99.00
acm_mirum_1940814.bpm, 75.00
acm_mirum_4020496.bpm, 124.00
acm_mirum_3225488.bpm, 70.00
acm_mirum_1248986.bpm, 80.00
acm_mirum_496537.bpm, 88.00
acm_mirum_3300659.bpm, 113.00
acm_mirum_3796126.bpm, 97.00
acm_mirum_1827861.bpm, 130.00
acm_mirum_11430821.bpm, 104.00
acm_mirum_303835.bpm, 158.00
acm_mirum_3264523.bpm, 130.00
acm_mirum_166568.bpm, 92.00
acm_mirum_6725740.bpm, 64.00
acm_mirum_3894.bpm, 95.00
acm_mirum_244868.bpm, 98.00
acm_mirum_4344092.bpm, 130.00
acm_mirum_6521478.bpm, 75.00
acm_mirum_10348303.bpm, 90.00
acm_mirum_3163200.bpm, 52.00
acm_mirum_5426001.bpm, 130.00
acm_mirum_7707317.bpm, 90.00
acm_mirum_10503810.bpm, 117.00
acm_mirum_4298243.bpm, 145.00
acm_mirum_5323425.bpm, 94.00
acm_mirum_3166666.bpm, 59.00
acm_mirum_15763.bpm, 69.00
acm_mirum_1738820.bpm, 131.50
acm_mirum_2402010.bpm, 78.00
acm_mirum_11409728.bpm, 93.00
acm_mirum_2703119.bpm, 159.00
acm_mirum_3663085.bpm, 88.50
acm_mirum_158038.bpm, 158.00
acm_mirum_2601727.bpm, 175.00
acm_mirum_4452630.bpm, 70.00
acm_mirum_3271048.bpm, 97.00
acm_mirum_2601721.bpm, 176.00
acm_mirum_164667.bpm, 85.00
acm_mirum_511530.bpm, 91.00
acm_mirum_10726032.bpm, 84.00
acm_mirum_5230437.bpm, 104.00
acm_mirum_13363048.bpm, 120.50
acm_mirum_2356519.bpm, 139.50
acm_mirum_163919.bpm, 96.00
acm_mirum_4377555.bpm, 59.00
acm_mirum_600545.bpm, 96.00
acm_mirum_497121.bpm, 48.00
acm_mirum_12749684.bpm, 71.50
acm_mirum_4728895.bpm, 149.50
acm_mirum_4877606.bpm, 156.00
acm_mirum_282858.bpm, 119.00
acm_mirum_3351679.bpm, 61.00
acm_mirum_4316276.bpm, 54.00
acm_mirum_346897.bpm, 105.00
acm_mirum_7308037.bpm, 72.00
acm_mirum_533905.bpm, 131.50
acm_mirum_337517.bpm, 80.00
acm_mirum_8353140.bpm, 90.00
acm_mirum_170646.bpm, 114.50
acm_mirum_2353808.bpm, 169.00
acm_mirum_3231950.bpm, 118.00
acm_mirum_6788026.bpm, 147.00
acm_mirum_168502.bpm, 74.00
acm_mirum_7231326.bpm, 124.00
acm_mirum_3141200.bpm, 95.00
acm_mirum_4743776.bpm, 84.00
acm_mirum_1391446.bpm, 64.00
acm_mirum_5621793.bpm, 142.50
acm_mirum_7279760.bpm, 185.00
acm_mirum_5633436.bpm, 86.50
acm_mirum_2853694.bpm, 133.00
acm_mirum_2351679.bpm, 139.00
acm_mirum_12475.bpm, 109.00
acm_mirum_521018.bpm, 95.00
acm_mirum_3570506.bpm, 71.00
acm_mirum_6287610.bpm, 83.00
acm_mirum_3000296.bpm, 117.00
acm_mirum_510639.bpm, 85.00
acm_mirum_168499.bpm, 56.00
acm_mirum_6361654.bpm, 143.00
acm_mirum_4572014.bpm, 130.00
acm_mirum_5619090.bpm, 137.00
acm_mirum_13036093.bpm, 140.00
acm_mirum_3048624.bpm, 122.00
acm_mirum_3662733.bpm, 111.50
acm_mirum_1071042.bpm, 74.00
acm_mirum_4795439.bpm, 123.50
acm_mirum_1832851.bpm, 104.00
acm_mirum_4890738.bpm, 123.00
acm_mirum_3534920.bpm, 69.00
acm_mirum_2424544.bpm, 65.50
acm_mirum_2302986.bpm, 104.00
acm_mirum_3988843.bpm, 98.50
acm_mirum_3531865.bpm, 98.00
acm_mirum_7333358.bpm, 71.00
acm_mirum_14090415.bpm, 55.00
acm_mirum_1393863.bpm, 42.00
acm_mirum_3728013.bpm, 71.50
acm_mirum_4532605.bpm, 97.00
acm_mirum_237422.bpm, 71.00
acm_mirum_4921577.bpm, 108.00
acm_mirum_1997271.bpm, 93.00
acm_mirum_202987.bpm, 95.00
acm_mirum_6226038.bpm, 96.50
acm_mirum_3484251.bpm, 140.50
acm_mirum_9512435.bpm, 82.00
acm_mirum_10766976.bpm, 92.00
acm_mirum_5906285.bpm, 155.00
acm_mirum_6795400.bpm, 91.00
acm_mirum_6868415.bpm, 77.00
acm_mirum_4703806.bpm, 112.00
acm_mirum_2517897.bpm, 166.00
acm_mirum_6837646.bpm, 131.00
acm_mirum_16056976.bpm, 129.50
acm_mirum_3133299.bpm, 135.00
acm_mirum_6353662.bpm, 172.00
acm_mirum_3481733.bpm, 134.00
acm_mirum_2349171.bpm, 164.00
acm_mirum_4736954.bpm, 173.50
acm_mirum_428424.bpm, 76.00
acm_mirum_6917088.bpm, 77.00
acm_mirum_3381713.bpm, 88.50
acm_mirum_3110729.bpm, 108.00
acm_mirum_3119392.bpm, 117.00
acm_mirum_3184618.bpm, 78.00
acm_mirum_4877588.bpm, 130.00
acm_mirum_3907.bpm, 105.50
acm_mirum_178090.bpm, 58.50
acm_mirum_8859552.bpm, 123.00
acm_mirum_3112584.bpm, 80.00
acm_mirum_2757318.bpm, 84.00
acm_mirum_300769.bpm, 74.00
acm_mirum_3164894.bpm, 106.50
acm_mirum_977527.bpm, 103.50
acm_mirum_4572191.bpm, 150.00
acm_mirum_4454442.bpm, 98.00
acm_mirum_7231079.bpm, 119.00
acm_mirum_4194736.bpm, 90.50
acm_mirum_6742944.bpm, 60.00
acm_mirum_717644.bpm, 107.50
acm_mirum_375404.bpm, 90.00
acm_mirum_4958866.bpm, 110.00
acm_mirum_1358518.bpm, 105.00
acm_mirum_6824.bpm, 78.00
acm_mirum_12510539.bpm, 92.00
acm_mirum_6681401.bpm, 75.00
acm_mirum_6822712.bpm, 80.00
acm_mirum_3613117.bpm, 64.00
acm_mirum_5599022.bpm, 125.00
acm_mirum_3565409.bpm, 140.00
acm_mirum_11812770.bpm, 61.00
acm_mirum_225062.bpm, 92.00
acm_mirum_6795381.bpm, 75.00
acm_mirum_13167246.bpm, 59.00
acm_mirum_4958637.bpm, 62.00
acm_mirum_6786471.bpm, 113.50
acm_mirum_4760467.bpm, 114.00
acm_mirum_3313209.bpm, 147.00
acm_mirum_3418563.bpm, 124.00
acm_mirum_3103022.bpm, 140.50
acm_mirum_7465304.bpm, 78.00
acm_mirum_5350208.bpm, 87.50
acm_mirum_5925989.bpm, 84.50
acm_mirum_4314349.bpm, 81.00
acm_mirum_2855354.bpm, 134.00
acm_mirum_11496304.bpm, 126.50
acm_mirum_4370823.bpm, 98.00
acm_mirum_323784.bpm, 178.00
acm_mirum_13124455.bpm, 129.50
acm_mirum_8163626.bpm, 141.00
acm_mirum_2505086.bpm, 73.00
acm_mirum_3566182.bpm, 104.50
acm_mirum_3543797.bpm, 88.00
acm_mirum_3464181.bpm, 85.00
acm_mirum_1827589.bpm, 257.00
acm_mirum_390269.bpm, 80.00
acm_mirum_2185594.bpm, 112.00
acm_mirum_3162054.bpm, 102.00
acm_mirum_2510051.bpm, 137.00
acm_mirum_3165722.bpm, 138.00
acm_mirum_2898269.bpm, 43.00
acm_mirum_13526.bpm, 193.00
acm_mirum_16040771.bpm, 67.00
acm_mirum_3227729.bpm, 105.00
acm_mirum_7303801.bpm, 120.50
acm_mirum_15952618.bpm, 54.00
acm_mirum_321660.bpm, 79.00
acm_mirum_10563001.bpm, 82.50
acm_mirum_3662146.bpm, 89.50
acm_mirum_247951.bpm, 128.00
acm_mirum_16495719.bpm, 94.00
acm_mirum_3505604.bpm, 98.00
acm_mirum_171263.bpm, 145.00
acm_mirum_3030777.bpm, 255.00
acm_mirum_601609.bpm, 45.00
acm_mirum_8204940.bpm, 152.00
acm_mirum_4293997.bpm, 81.00
acm_mirum_4238607.bpm, 105.00
acm_mirum_3088308.bpm, 98.00
acm_mirum_5878534.bpm, 79.00
acm_mirum_303526.bpm, 70.00
acm_mirum_3324740.bpm, 134.50
acm_mirum_14634350.bpm, 132.00
acm_mirum_3998886.bpm, 109.00
acm_mirum_15416738.bpm, 68.00
acm_mirum_5413111.bpm, 94.00
acm_mirum_104222.bpm, 163.00
acm_mirum_614869.bpm, 93.00
acm_mirum_4144518.bpm, 117.00
acm_mirum_3535073.bpm, 140.00
acm_mirum_1430598.bpm, 158.00
acm_mirum_2084851.bpm, 74.00
acm_mirum_11116238.bpm, 152.00
acm_mirum_3325194.bpm, 71.00
acm_mirum_2256281.bpm, 98.00
acm_mirum_3724647.bpm, 71.00
acm_mirum_458707.bpm, 71.00
acm_mirum_1987999.bpm, 140.00
acm_mirum_5636171.bpm, 118.50
acm_mirum_2214125.bpm, 51.00
acm_mirum_148207.bpm, 81.00
acm_mirum_13827808.bpm, 178.50
acm_mirum_9583984.bpm, 172.00
acm_mirum_6894123.bpm, 147.00
acm_mirum_5089918.bpm, 122.00
acm_mirum_3381133.bpm, 130.00
acm_mirum_1137955.bpm, 112.50
acm_mirum_161843.bpm, 73.00
acm_mirum_3484159.bpm, 103.00
acm_mirum_3578955.bpm, 76.00
acm_mirum_6415464.bpm, 125.00
acm_mirum_1359069.bpm, 83.00
acm_mirum_3317132.bpm, 115.00
acm_mirum_1385105.bpm, 90.00
acm_mirum_3552968.bpm, 125.00
acm_mirum_5926999.bpm, 90.00
acm_mirum_12185332.bpm, 62.00
acm_mirum_3333416.bpm, 54.00
acm_mirum_7697941.bpm, 87.00
acm_mirum_264225.bpm, 95.00
acm_mirum_532871.bpm, 119.00
acm_mirum_14847436.bpm, 84.00
acm_mirum_1200145.bpm, 115.00
acm_mirum_12937673.bpm, 80.00
acm_mirum_267181.bpm, 84.00
acm_mirum_757685.bpm, 93.00
acm_mirum_3298709.bpm, 59.50
acm_mirum_3325103.bpm, 107.00
acm_mirum_3188763.bpm, 90.00
acm_mirum_5017139.bpm, 77.00
acm_mirum_5765019.bpm, 174.00
acm_mirum_3988465.bpm, 136.00
acm_mirum_4821405.bpm, 83.00
acm_mirum_5072425.bpm, 124.00
acm_mirum_3705949.bpm, 97.00
acm_mirum_3988757.bpm, 72.00
acm_mirum_4242311.bpm, 117.50
acm_mirum_864398.bpm, 77.00
acm_mirum_4144521.bpm, 98.00
acm_mirum_7098533.bpm, 62.00
acm_mirum_8353088.bpm, 101.50
acm_mirum_228021.bpm, 85.00
acm_mirum_1832873.bpm, 70.00
acm_mirum_6639464.bpm, 77.00
acm_mirum_3166682.bpm, 73.00
acm_mirum_3245179.bpm, 120.00
acm_mirum_5830201.bpm, 132.00
acm_mirum_4514588.bpm, 167.00
acm_mirum_590565.bpm, 69.00
acm_mirum_3512764.bpm, 71.00
acm_mirum_129667.bpm, 83.00
acm_mirum_1162848.bpm, 135.00
acm_mirum_1185384.bpm, 111.00
acm_mirum_1432020.bpm, 64.00
acm_mirum_12143650.bpm, 98.00
acm_mirum_24205.bpm, 86.00
acm_mirum_3213251.bpm, 80.50
acm_mirum_403820.bpm, 57.00
acm_mirum_3262911.bpm, 116.00
acm_mirum_3066621.bpm, 93.00
acm_mirum_13699674.bpm, 98.00
acm_mirum_3131808.bpm, 86.50
acm_mirum_3105422.bpm, 136.00
acm_mirum_3333901.bpm, 53.00
acm_mirum_1492187.bpm, 52.00
acm_mirum_10894070.bpm, 71.00
acm_mirum_12906123.bpm, 130.00
acm_mirum_13379593.bpm, 113.50
acm_mirum_532181.bpm, 74.00
acm_mirum_2675982.bpm, 118.00
acm_mirum_3246230.bpm, 82.00
acm_mirum_178692.bpm, 77.50
acm_mirum_2576663.bpm, 86.00
acm_mirum_3105608.bpm, 137.00
acm_mirum_4897.bpm, 175.50
acm_mirum_270880.bpm, 73.00
acm_mirum_3243671.bpm, 84.00
acm_mirum_435087.bpm, 68.00
acm_mirum_8231796.bpm, 103.00
acm_mirum_10894286.bpm, 50.00
acm_mirum_374891.bpm, 90.50
acm_mirum_3477665.bpm, 97.00
acm_mirum_4539427.bpm, 118.00
acm_mirum_725545.bpm, 140.00
acm_mirum_164705.bpm, 88.00
acm_mirum_11193878.bpm, 124.00
acm_mirum_12185330.bpm, 67.00
acm_mirum_2944897.bpm, 157.00
acm_mirum_14519480.bpm, 61.00
acm_mirum_3465370.bpm, 76.00
acm_mirum_5526635.bpm, 64.50
acm_mirum_3529910.bpm, 120.00
acm_mirum_7069517.bpm, 72.00
acm_mirum_3332336.bpm, 65.00
acm_mirum_3283398.bpm, 115.00
acm_mirum_9835006.bpm, 144.00
acm_mirum_3103820.bpm, 80.00
acm_mirum_14180121.bpm, 72.00
acm_mirum_3060182.bpm, 180.00
acm_mirum_5597053.bpm, 72.00
acm_mirum_2329184.bpm, 178.00
acm_mirum_3128960.bpm, 84.00
acm_mirum_954171.bpm, 135.00
acm_mirum_3724610.bpm, 129.50
acm_mirum_3566965.bpm, 81.00
acm_mirum_3742839.bpm, 124.50
acm_mirum_1134147.bpm, 110.50
acm_mirum_7721412.bpm, 90.00
acm_mirum_148.bpm, 149.00
acm_mirum_7503768.bpm, 107.00
acm_mirum_8414905.bpm, 132.00
acm_mirum_6618164.bpm, 90.00
acm_mirum_2185588.bpm, 60.50
acm_mirum_3106833.bpm, 107.00
acm_mirum_4326130.bpm, 53.50
acm_mirum_3459673.bpm, 84.00
acm_mirum_12643846.bpm, 74.00
acm_mirum_8572817.bpm, 147.00
acm_mirum_3302257.bpm, 108.00
acm_mirum_166339.bpm, 82.00
acm_mirum_10726076.bpm, 69.00
acm_mirum_6353663.bpm, 147.00
acm_mirum_5323422.bpm, 99.00
acm_mirum_6462192.bpm, 115.00
acm_mirum_8352998.bpm, 107.00
acm_mirum_3166607.bpm, 114.00
acm_mirum_3531813.bpm, 81.00
acm_mirum_8364074.bpm, 76.00
acm_mirum_5411160.bpm, 101.00
acm_mirum_5828522.bpm, 72.00
acm_mirum_169108.bpm, 123.50
acm_mirum_1433734.bpm, 91.00
acm_mirum_3155110.bpm, 148.00
acm_mirum_550938.bpm, 91.00
acm_mirum_3491765.bpm, 65.00
acm_mirum_5504494.bpm, 135.50
acm_mirum_1360689.bpm, 129.00
acm_mirum_4698768.bpm, 109.00
acm_mirum_5878739.bpm, 148.00
acm_mirum_164652.bpm, 63.00
acm_mirum_85327.bpm, 77.50
acm_mirum_4397858.bpm, 118.50
acm_mirum_698206.bpm, 137.00
acm_mirum_4320657.bpm, 45.50
acm_mirum_5112053.bpm, 95.00
acm_mirum_252959.bpm, 138.00
acm_mirum_406537.bpm, 100.00
acm_mirum_5542921.bpm, 107.50
acm_mirum_1161274.bpm, 79.00
acm_mirum_8568194.bpm, 78.00
acm_mirum_11471649.bpm, 132.00
acm_mirum_6930048.bpm, 76.50
acm_mirum_233208.bpm, 85.00
acm_mirum_3386170.bpm, 114.00
acm_mirum_2510577.bpm, 133.00
acm_mirum_5304917.bpm, 104.00
acm_mirum_7232696.bpm, 155.50
acm_mirum_2421300.bpm, 87.00
acm_mirum_2364127.bpm, 80.00
acm_mirum_4179661.bpm, 131.00
acm_mirum_1355205.bpm, 146.00
acm_mirum_231124.bpm, 92.00
acm_mirum_2349173.bpm, 76.00
acm_mirum_2242631.bpm, 127.50
acm_mirum_7473670.bpm, 133.00
acm_mirum_5291934.bpm, 72.00
acm_mirum_618848.bpm, 108.00
acm_mirum_8570231.bpm, 95.00
acm_mirum_2011911.bpm, 116.50
acm_mirum_6756489.bpm, 108.00
acm_mirum_1737948.bpm, 52.00
acm_mirum_1074945.bpm, 82.50
acm_mirum_3750608.bpm, 79.00
acm_mirum_3300644.bpm, 133.00
acm_mirum_4359312.bpm, 93.00
acm_mirum_282894.bpm, 117.00
acm_mirum_11552767.bpm, 81.50
acm_mirum_5295184.bpm, 131.00
acm_mirum_6532746.bpm, 55.00
acm_mirum_7954274.bpm, 86.00
acm_mirum_751810.bpm, 99.00
acm_mirum_3527401.bpm, 104.00
acm_mirum_2276947.bpm, 69.00
acm_mirum_3275471.bpm, 64.00
acm_mirum_3341751.bpm, 84.00
acm_mirum_4561522.bpm, 78.00
acm_mirum_342130.bpm, 178.00
acm_mirum_778933.bpm, 66.00
acm_mirum_1547518.bpm, 121.00
acm_mirum_373203.bpm, 83.00
acm_mirum_1072106.bpm, 131.00
acm_mirum_7274854.bpm, 108.00
acm_mirum_4202490.bpm, 120.00
acm_mirum_3543962.bpm, 134.00
acm_mirum_730730.bpm, 126.00
acm_mirum_314008.bpm, 88.00
acm_mirum_343787.bpm, 103.00
acm_mirum_85412.bpm, 79.00
acm_mirum_5599366.bpm, 143.00
acm_mirum_2721598.bpm, 124.50
acm_mirum_2853693.bpm, 137.00
acm_mirum_1441415.bpm, 67.00
acm_mirum_3124277.bpm, 191.50
acm_mirum_8694203.bpm, 77.00
acm_mirum_12933803.bpm, 135.00
acm_mirum_272826.bpm, 160.00
acm_mirum_971.bpm, 87.00
acm_mirum_14200123.bpm, 74.00
acm_mirum_238692.bpm, 74.50
acm_mirum_3719363.bpm, 172.00
acm_mirum_3469743.bpm, 128.50
acm_mirum_4309440.bpm, 50.00
acm_mirum_170875.bpm, 108.00
acm_mirum_2252893.bpm, 137.00
acm_mirum_1832846.bpm, 106.00
acm_mirum_7503991.bpm, 133.00
acm_mirum_3222649.bpm, 118.50
acm_mirum_3048060.bpm, 136.00
acm_mirum_1625811.bpm, 134.00
acm_mirum_3529233.bpm, 81.00
acm_mirum_6766301.bpm, 140.00
acm_mirum_302730.bpm, 94.00
acm_mirum_3721127.bpm, 81.00
acm_mirum_561529.bpm, 151.00
acm_mirum_146847.bpm, 77.00
acm_mirum_4959114.bpm, 114.00
acm_mirum_2899043.bpm, 167.00
acm_mirum_7098855.bpm, 86.00
acm_mirum_8589420.bpm, 135.00
acm_mirum_3303075.bpm, 96.00
acm_mirum_3464432.bpm, 63.00
acm_mirum_7600764.bpm, 67.00
acm_mirum_7157130.bpm, 116.50
acm_mirum_3841386.bpm, 64.00
acm_mirum_2876254.bpm, 93.00
acm_mirum_8673992.bpm, 132.00
acm_mirum_2328199.bpm, 160.00
acm_mirum_502982.bpm, 85.00
acm_mirum_4178470.bpm, 98.00
acm_mirum_2675965.bpm, 133.00
acm_mirum_15458300.bpm, 140.00
acm_mirum_1447613.bpm, 69.00
acm_mirum_4958548.bpm, 75.00
acm_mirum_5295229.bpm, 68.00
acm_mirum_4755785.bpm, 72.00
acm_mirum_6790350.bpm, 93.00
acm_mirum_5820014.bpm, 101.00
acm_mirum_1739395.bpm, 98.00
acm_mirum_3792761.bpm, 108.00
acm_mirum_3159232.bpm, 115.00
acm_mirum_3683203.bpm, 134.00
acm_mirum_3140168.bpm, 104.00
acm_mirum_559845.bpm, 73.00
acm_mirum_4760061.bpm, 126.00
acm_mirum_538584.bpm, 100.00
acm_mirum_1818385.bpm, 131.00
acm_mirum_4511605.bpm, 122.50
acm_mirum_4034300.bpm, 134.00
acm_mirum_4313307.bpm, 143.00
acm_mirum_7722698.bpm, 91.00
acm_mirum_4958815.bpm, 79.00
acm_mirum_3176723.bpm, 70.50
acm_mirum_105009.bpm, 140.50
acm_mirum_4428033.bpm, 114.00
acm_mirum_8231222.bpm, 128.00
acm_mirum_8707400.bpm, 102.00
acm_mirum_4877594.bpm, 90.00
acm_mirum_1245162.bpm, 57.00
acm_mirum_721053.bpm, 96.50
acm_mirum_4978757.bpm, 85.00
acm_mirum_3531842.bpm, 90.00
acm_mirum_7367094.bpm, 139.00
acm_mirum_4455048.bpm, 70.00
acm_mirum_3168002.bpm, 110.00
acm_mirum_4276226.bpm, 58.00
acm_mirum_4455043.bpm, 95.00
acm_mirum_644150.bpm, 101.50
acm_mirum_4877526.bpm, 131.00
acm_mirum_3564110.bpm, 119.50
acm_mirum_165730.bpm, 80.50
acm_mirum_475716.bpm, 103.00
acm_mirum_1200142.bpm, 92.00
acm_mirum_400692.bpm, 77.00
acm_mirum_3478063.bpm, 86.50
acm_mirum_7689159.bpm, 138.50
acm_mirum_3211475.bpm, 95.50
acm_mirum_85037.bpm, 126.00
acm_mirum_2706199.bpm, 129.00
acm_mirum_6857388.bpm, 133.00
acm_mirum_2448465.bpm, 61.50
acm_mirum_282886.bpm, 100.50
acm_mirum_1178481.bpm, 119.50
acm_mirum_596114.bpm, 120.00
acm_mirum_8645063.bpm, 130.00
acm_mirum_417142.bpm, 84.00
acm_mirum_3195700.bpm, 58.00
acm_mirum_3543133.bpm, 160.50
acm_mirum_3476359.bpm, 64.00
acm_mirum_3732728.bpm, 88.00
acm_mirum_4435579.bpm, 57.50
acm_mirum_3521526.bpm, 102.00
acm_mirum_4886678.bpm, 65.00
acm_mirum_1547521.bpm, 89.00
acm_mirum_6686136.bpm, 161.50
acm_mirum_3112219.bpm, 92.00
acm_mirum_596082.bpm, 91.00
acm_mirum_3363667.bpm, 72.00
acm_mirum_815742.bpm, 89.00
acm_mirum_5262373.bpm, 90.00
acm_mirum_250576.bpm, 168.50
acm_mirum_394384.bpm, 104.00
acm_mirum_13395611.bpm, 100.00
acm_mirum_23128.bpm, 171.50
acm_mirum_7314325.bpm, 126.00
acm_mirum_4034303.bpm, 96.00
acm_mirum_1094938.bpm, 97.00
acm_mirum_4263.bpm, 126.00
acm_mirum_7465303.bpm, 76.50
acm_mirum_3196160.bpm, 73.00
acm_mirum_11612127.bpm, 136.00
acm_mirum_3466524.bpm, 131.00
acm_mirum_514986.bpm, 62.00
acm_mirum_1435115.bpm, 136.50
acm_mirum_3528925.bpm, 88.00
acm_mirum_14970371.bpm, 64.00
acm_mirum_3021684.bpm, 87.00
acm_mirum_6715849.bpm, 82.50
acm_mirum_673950.bpm, 90.00
acm_mirum_7173359.bpm, 127.00
acm_mirum_104260.bpm, 56.50
acm_mirum_3724671.bpm, 105.00
acm_mirum_3522565.bpm, 108.00
acm_mirum_3289764.bpm, 73.00
acm_mirum_10726039.bpm, 101.50
acm_mirum_684932.bpm, 55.00
acm_mirum_5046332.bpm, 86.00
acm_mirum_3529498.bpm, 82.00
acm_mirum_166285.bpm, 161.00
acm_mirum_6795229.bpm, 125.00
acm_mirum_6786192.bpm, 116.00
acm_mirum_2353730.bpm, 122.50
acm_mirum_8440411.bpm, 71.00
acm_mirum_11119248.bpm, 133.00
acm_mirum_464857.bpm, 106.00
acm_mirum_9483327.bpm, 130.00
acm_mirum_4887196.bpm, 70.00
acm_mirum_5323111.bpm, 65.50
acm_mirum_3152311.bpm, 68.00
acm_mirum_7174729.bpm, 79.00
acm_mirum_428426.bpm, 77.00
acm_mirum_6023488.bpm, 184.00
acm_mirum_3250867.bpm, 80.00
acm_mirum_3110842.bpm, 37.00
acm_mirum_3303592.bpm, 138.00
acm_mirum_243115.bpm, 119.00
acm_mirum_143807.bpm, 79.00
acm_mirum_2853703.bpm, 126.50
acm_mirum_3141037.bpm, 93.00
acm_mirum_11444425.bpm, 113.00
acm_mirum_5679332.bpm, 103.00
acm_mirum_6664952.bpm, 87.00
acm_mirum_3374655.bpm, 97.00
acm_mirum_3131930.bpm, 131.00
acm_mirum_13561397.bpm, 78.50
acm_mirum_2899052.bpm, 184.00
acm_mirum_4298269.bpm, 67.00
acm_mirum_5334519.bpm, 186.50
acm_mirum_2188222.bpm, 154.00
acm_mirum_3105423.bpm, 65.00
acm_mirum_1355227.bpm, 114.00
acm_mirum_564052.bpm, 167.50
acm_mirum_3836115.bpm, 82.00
acm_mirum_3132593.bpm, 97.00
acm_mirum_3701256.bpm, 136.00
acm_mirum_10875997.bpm, 101.00
acm_mirum_3073826.bpm, 74.00
acm_mirum_3984371.bpm, 91.00
acm_mirum_2761645.bpm, 98.00
acm_mirum_2411992.bpm, 78.00
acm_mirum_5619838.bpm, 77.00
acm_mirum_6862508.bpm, 90.50
acm_mirum_3289814.bpm, 82.00
acm_mirum_3527530.bpm, 61.50
acm_mirum_8439655.bpm, 91.00
acm_mirum_6336331.bpm, 86.00
acm_mirum_3276471.bpm, 156.00
acm_mirum_324112.bpm, 121.50
acm_mirum_3812594.bpm, 82.50
acm_mirum_435088.bpm, 121.00
acm_mirum_453735.bpm, 74.50
acm_mirum_89321.bpm, 121.00
acm_mirum_624488.bpm, 88.50
acm_mirum_4959104.bpm, 124.00
acm_mirum_5286255.bpm, 97.00
acm_mirum_3543378.bpm, 109.00
acm_mirum_3317608.bpm, 132.00
acm_mirum_2471114.bpm, 86.50
acm_mirum_3356463.bpm, 106.00
acm_mirum_11119266.bpm, 79.00
acm_mirum_1435815.bpm, 53.00
acm_mirum_3159086.bpm, 156.00
acm_mirum_13497656.bpm, 108.50
acm_mirum_3663016.bpm, 127.00
acm_mirum_8600062.bpm, 140.50
acm_mirum_5423755.bpm, 123.00
acm_mirum_14338821.bpm, 143.00
acm_mirum_3300543.bpm, 85.00
acm_mirum_3549465.bpm, 74.00
acm_mirum_161856.bpm, 57.00
acm_mirum_6253241.bpm, 74.00
acm_mirum_670113.bpm, 94.00
acm_mirum_7562370.bpm, 69.00
acm_mirum_273762.bpm, 116.00
acm_mirum_5616483.bpm, 142.00
acm_mirum_1355192.bpm, 160.00
acm_mirum_4349677.bpm, 48.00
acm_mirum_5739516.bpm, 90.00
acm_mirum_2264467.bpm, 73.00
acm_mirum_3302794.bpm, 80.50
acm_mirum_3472488.bpm, 169.00
acm_mirum_5549683.bpm, 158.00
acm_mirum_3326405.bpm, 60.50
acm_mirum_3086483.bpm, 96.00
acm_mirum_105233.bpm, 133.00
acm_mirum_3160503.bpm, 108.00
acm_mirum_9973642.bpm, 147.00
acm_mirum_6544872.bpm, 64.00
acm_mirum_143682.bpm, 69.00
acm_mirum_3116208.bpm, 76.00
acm_mirum_4532150.bpm, 180.00
acm_mirum_5466466.bpm, 85.00
acm_mirum_386893.bpm, 67.00
acm_mirum_7781327.bpm, 133.00
acm_mirum_15154780.bpm, 130.00
acm_mirum_14654637.bpm, 155.00
acm_mirum_8960333.bpm, 75.00
acm_mirum_3188766.bpm, 62.50
acm_mirum_350836.bpm, 104.00
acm_mirum_2275409.bpm, 172.00
acm_mirum_5334538.bpm, 61.00
acm_mirum_3742594.bpm, 82.00
acm_mirum_7231323.bpm, 84.00
acm_mirum_291235.bpm, 105.00
acm_mirum_5840262.bpm, 46.00
acm_mirum_3534070.bpm, 79.00
acm_mirum_5621562.bpm, 93.00
acm_mirum_12816052.bpm, 141.00
acm_mirum_1107612.bpm, 107.50
acm_mirum_7741099.bpm, 119.00
acm_mirum_7422087.bpm, 145.00
acm_mirum_3456551.bpm, 76.50
acm_mirum_1136819.bpm, 135.00
acm_mirum_10726058.bpm, 73.00
acm_mirum_1761424.bpm, 100.50
acm_mirum_3131831.bpm, 108.00
acm_mirum_2027038.bpm, 80.00
acm_mirum_6542818.bpm, 86.00
acm_mirum_2532304.bpm, 52.00
acm_mirum_3622888.bpm, 134.00
acm_mirum_3243121.bpm, 62.00
acm_mirum_11141081.bpm, 120.00
acm_mirum_6555200.bpm, 137.00
acm_mirum_1782056.bpm, 121.00
acm_mirum_1949678.bpm, 146.00
acm_mirum_14094317.bpm, 108.00
acm_mirum_3152377.bpm, 108.00
acm_mirum_212159.bpm, 106.00
acm_mirum_11451171.bpm, 91.00
acm_mirum_6566675.bpm, 70.00
acm_mirum_276621.bpm, 127.50
acm_mirum_538586.bpm, 95.00
acm_mirum_13015526.bpm, 95.00
acm_mirum_5490064.bpm, 130.00
acm_mirum_3302796.bpm, 74.00
acm_mirum_169111.bpm, 72.00
acm_mirum_2601726.bpm, 134.50
acm_mirum_1162915.bpm, 160.00
acm_mirum_3190983.bpm, 96.00
acm_mirum_1736296.bpm, 114.00
acm_mirum_2347471.bpm, 169.00
acm_mirum_9258795.bpm, 98.50
acm_mirum_6795020.bpm, 72.00
acm_mirum_536534.bpm, 117.00
acm_mirum_4903546.bpm, 187.00
acm_mirum_3860777.bpm, 87.00
acm_mirum_3142480.bpm, 93.00
acm_mirum_254833.bpm, 115.50
acm_mirum_3579130.bpm, 156.00
acm_mirum_146658.bpm, 115.00
acm_mirum_3196159.bpm, 58.50
acm_mirum_5323101.bpm, 80.00
acm_mirum_510718.bpm, 80.00
acm_mirum_4766941.bpm, 69.00
acm_mirum_3196911.bpm, 83.00
acm_mirum_3220296.bpm, 78.00
acm_mirum_5828274.bpm, 86.00
acm_mirum_11903392.bpm, 159.50
acm_mirum_169910.bpm, 71.50
acm_mirum_3216155.bpm, 115.50
acm_mirum_276376.bpm, 92.00
acm_mirum_23381.bpm, 64.50
acm_mirum_3153566.bpm, 94.00
acm_mirum_321833.bpm, 89.00
acm_mirum_4114894.bpm, 74.00
acm_mirum_7954287.bpm, 87.00
acm_mirum_3190613.bpm, 103.50
acm_mirum_3318110.bpm, 107.50
acm_mirum_89320.bpm, 95.00
acm_mirum_4296161.bpm, 84.00
acm_mirum_8664739.bpm, 61.00
acm_mirum_166949.bpm, 77.00
acm_mirum_3427400.bpm, 108.50
acm_mirum_11984675.bpm, 69.00
acm_mirum_10893272.bpm, 97.00
acm_mirum_7231366.bpm, 126.50
acm_mirum_2356569.bpm, 87.00
acm_mirum_270057.bpm, 83.00
acm_mirum_3416050.bpm, 92.00
acm_mirum_4124450.bpm, 65.50
acm_mirum_6754341.bpm, 112.00
acm_mirum_3522059.bpm, 148.00
acm_mirum_10389587.bpm, 92.00
acm_mirum_987516.bpm, 65.00
acm_mirum_265813.bpm, 172.00
acm_mirum_599950.bpm, 104.00
acm_mirum_4320656.bpm, 56.00
acm_mirum_228024.bpm, 69.50
acm_mirum_3317128.bpm, 114.00
acm_mirum_1728942.bpm, 88.00
acm_mirum_165725.bpm, 69.50
acm_mirum_9543981.bpm, 148.00
acm_mirum_6551429.bpm, 107.00
acm_mirum_217011.bpm, 73.50
acm_mirum_3297715.bpm, 76.00
acm_mirum_1433718.bpm, 45.00
acm_mirum_7397984.bpm, 107.00
acm_mirum_265809.bpm, 77.00
acm_mirum_13057714.bpm, 74.00
acm_mirum_3532944.bpm, 107.50
acm_mirum_9512053.bpm, 77.00
acm_mirum_2702813.bpm, 110.00
acm_mirum_4454998.bpm, 65.00
acm_mirum_122992.bpm, 95.00
acm_mirum_2277932.bpm, 91.00
acm_mirum_2186875.bpm, 189.00
acm_mirum_9534179.bpm, 167.00
acm_mirum_3223613.bpm, 60.00
acm_mirum_3176577.bpm, 83.00
acm_mirum_494248.bpm, 135.00
acm_mirum_421.bpm, 182.50
acm_mirum_1628000.bpm, 156.00
acm_mirum_197152.bpm, 63.00
acm_mirum_2505096.bpm, 69.50
acm_mirum_4394962.bpm, 89.50
acm_mirum_7582.bpm, 98.00
acm_mirum_2184689.bpm, 68.50
acm_mirum_3527529.bpm, 69.00
acm_mirum_158729.bpm, 77.00
acm_mirum_3220555.bpm, 118.00
acm_mirum_3159523.bpm, 64.00
acm_mirum_5567489.bpm, 63.00
acm_mirum_3164950.bpm, 75.00
acm_mirum_6221504.bpm, 75.00
acm_mirum_2284109.bpm, 58.00
acm_mirum_3693070.bpm, 65.00
acm_mirum_242573.bpm, 107.00
acm_mirum_4690722.bpm, 159.00
acm_mirum_4274745.bpm, 78.00
acm_mirum_3977338.bpm, 75.00
acm_mirum_3534123.bpm, 74.00
acm_mirum_2899050.bpm, 132.00
acm_mirum_3329368.bpm, 112.00
acm_mirum_143716.bpm, 61.00
acm_mirum_3319988.bpm, 69.00
acm_mirum_2375235.bpm, 119.00
acm_mirum_5256134.bpm, 114.50
acm_mirum_4128117.bpm, 165.00
acm_mirum_218929.bpm, 97.00
acm_mirum_6433400.bpm, 40.00
acm_mirum_125965.bpm, 108.00
acm_mirum_3721606.bpm, 81.00
acm_mirum_2853689.bpm, 101.00
acm_mirum_11234989.bpm, 113.50
acm_mirum_480369.bpm, 60.00
acm_mirum_3299620.bpm, 155.00
acm_mirum_8834868.bpm, 46.00
acm_mirum_6639901.bpm, 143.00
acm_mirum_3854462.bpm, 70.00
acm_mirum_3243788.bpm, 95.50
acm_mirum_428422.bpm, 87.50
acm_mirum_9931241.bpm, 130.00
acm_mirum_2471499.bpm, 56.00
acm_mirum_297635.bpm, 91.00
acm_mirum_580445.bpm, 66.00
acm_mirum_7804380.bpm, 94.00
acm_mirum_3156442.bpm, 58.00
acm_mirum_1587838.bpm, 161.00
acm_mirum_14600040.bpm, 82.00
acm_mirum_3190992.bpm, 44.00
acm_mirum_346328.bpm, 77.00
acm_mirum_8707439.bpm, 105.00
acm_mirum_3302806.bpm, 56.00
acm_mirum_2256291.bpm, 109.50
acm_mirum_6730736.bpm, 196.00
acm_mirum_8403357.bpm, 93.00
acm_mirum_2358545.bpm, 112.00
acm_mirum_168284.bpm, 137.00
acm_mirum_2234320.bpm, 99.00
acm_mirum_13001524.bpm, 163.00
acm_mirum_3171174.bpm, 140.50
acm_mirum_2232914.bpm, 56.00
acm_mirum_942732.bpm, 182.00
acm_mirum_6522311.bpm, 69.00
acm_mirum_4935790.bpm, 137.00
acm_mirum_6109423.bpm, 192.50
acm_mirum_7276430.bpm, 125.00
acm_mirum_5466626.bpm, 123.00
acm_mirum_281623.bpm, 41.00
acm_mirum_3931494.bpm, 96.00
acm_mirum_275800.bpm, 83.00
acm_mirum_15952624.bpm, 80.00
acm_mirum_4240671.bpm, 84.00
acm_mirum_10332517.bpm, 129.00
acm_mirum_3410177.bpm, 122.00
acm_mirum_720251.bpm, 171.50
acm_mirum_317955.bpm, 86.50
acm_mirum_86657.bpm, 120.00
acm_mirum_3140965.bpm, 107.00
acm_mirum_5348156.bpm, 150.00
acm_mirum_5293888.bpm, 102.00
acm_mirum_2286336.bpm, 141.50
acm_mirum_12638736.bpm, 71.50
acm_mirum_986212.bpm, 68.00
acm_mirum_3432795.bpm, 51.00
acm_mirum_3322900.bpm, 64.50
acm_mirum_3335035.bpm, 80.00
acm_mirum_5784744.bpm, 59.00
acm_mirum_1410925.bpm, 106.00
acm_mirum_305603.bpm, 85.00
acm_mirum_11622.bpm, 53.00
acm_mirum_509691.bpm, 68.00
acm_mirum_3110264.bpm, 68.00
acm_mirum_4005008.bpm, 112.00
acm_mirum_2996875.bpm, 141.50
acm_mirum_23389.bpm, 74.00
acm_mirum_1077416.bpm, 96.50
acm_mirum_3727794.bpm, 75.00
acm_mirum_24834.bpm, 105.00
acm_mirum_3014991.bpm, 122.00
acm_mirum_8212368.bpm, 109.00
acm_mirum_12185327.bpm, 38.00
acm_mirum_1434881.bpm, 87.50
acm_mirum_7183869.bpm, 137.00
acm_mirum_2675988.bpm, 84.50
acm_mirum_2373119.bpm, 180.00
acm_mirum_1358509.bpm, 66.50
acm_mirum_519816.bpm, 91.00
acm_mirum_7069168.bpm, 107.00
acm_mirum_165922.bpm, 120.50
acm_mirum_85041.bpm, 110.50
acm_mirum_2706530.bpm, 144.00
acm_mirum_208474.bpm, 168.00
acm_mirum_3728799.bpm, 47.00
acm_mirum_1385008.bpm, 79.00
acm_mirum_3334405.bpm, 74.00
acm_mirum_181291.bpm, 107.00
acm_mirum_3253313.bpm, 54.00
acm_mirum_2315824.bpm, 151.00
acm_mirum_13876365.bpm, 144.50
acm_mirum_3314458.bpm, 82.00
acm_mirum_300763.bpm, 169.00
acm_mirum_1385258.bpm, 82.50
acm_mirum_3379065.bpm, 120.00
acm_mirum_12906077.bpm, 64.00
acm_mirum_168185.bpm, 142.00
acm_mirum_2855935.bpm, 83.50
acm_mirum_3158162.bpm, 157.00
acm_mirum_576816.bpm, 94.50
acm_mirum_3989014.bpm, 99.00
acm_mirum_276627.bpm, 134.00
acm_mirum_240189.bpm, 158.00
acm_mirum_2545769.bpm, 76.50
acm_mirum_3247453.bpm, 198.50
acm_mirum_505849.bpm, 119.00
acm_mirum_9830294.bpm, 136.00
acm_mirum_10270809.bpm, 95.00
acm_mirum_1355189.bpm, 168.00
acm_mirum_602541.bpm, 135.50
acm_mirum_11305734.bpm, 133.00
acm_mirum_1401926.bpm, 82.50
acm_mirum_6323521.bpm, 87.00
acm_mirum_3321014.bpm, 178.50
acm_mirum_5474635.bpm, 130.00
acm_mirum_3251418.bpm, 68.00
acm_mirum_4126832.bpm, 182.00
acm_mirum_10563039.bpm, 71.00
acm_mirum_1094919.bpm, 111.50
acm_mirum_562246.bpm, 101.00
acm_mirum_6087489.bpm, 99.00
acm_mirum_6372659.bpm, 68.50
acm_mirum_6082430.bpm, 144.00
acm_mirum_6018930.bpm, 54.00
acm_mirum_4089543.bpm, 80.00
acm_mirum_3474479.bpm, 88.00
acm_mirum_5466560.bpm, 73.00
acm_mirum_5293706.bpm, 77.00
acm_mirum_720354.bpm, 100.50
acm_mirum_9311488.bpm, 75.00
acm_mirum_228023.bpm, 109.00
acm_mirum_5117572.bpm, 143.50
acm_mirum_2633303.bpm, 76.00
acm_mirum_3109926.bpm, 74.00
acm_mirum_2188213.bpm, 169.00
acm_mirum_2000026.bpm, 78.00
acm_mirum_5089915.bpm, 78.00
acm_mirum_5289682.bpm, 75.00
acm_mirum_8835137.bpm, 117.00
acm_mirum_4676678.bpm, 99.00
acm_mirum_5546011.bpm, 114.50
acm_mirum_253473.bpm, 110.00
acm_mirum_11173690.bpm, 124.00
acm_mirum_509870.bpm, 91.50
acm_mirum_307386.bpm, 86.50
acm_mirum_5323133.bpm, 104.00
acm_mirum_3480130.bpm, 78.00
acm_mirum_3163218.bpm, 141.00
acm_mirum_4436673.bpm, 115.00
acm_mirum_717711.bpm, 80.50
acm_mirum_509681.bpm, 144.00
acm_mirum_250092.bpm, 81.00
acm_mirum_2234898.bpm, 107.00
acm_mirum_151422.bpm, 94.00
acm_mirum_9659.bpm, 161.00
acm_mirum_627986.bpm, 63.00
acm_mirum_3664185.bpm, 131.00
acm_mirum_5222902.bpm, 167.00
acm_mirum_5104265.bpm, 86.00
acm_mirum_5609666.bpm, 128.00
acm_mirum_2752922.bpm, 116.00
acm_mirum_3186970.bpm, 102.00
acm_mirum_1393855.bpm, 115.00
acm_mirum_4442410.bpm, 60.00
acm_mirum_3143025.bpm, 123.50
acm_mirum_5878742.bpm, 136.00
acm_mirum_3021790.bpm, 162.00
acm_mirum_4886828.bpm, 148.00
acm_mirum_300768.bpm, 109.00
acm_mirum_3126025.bpm, 70.00
acm_mirum_3566126.bpm, 76.00
acm_mirum_4108614.bpm, 130.00
acm_mirum_4572590.bpm, 77.00
acm_mirum_2184698.bpm, 80.00
acm_mirum_3138177.bpm, 122.00
acm_mirum_3333447.bpm, 56.00
acm_mirum_2853701.bpm, 84.00
acm_mirum_8473567.bpm, 102.00
acm_mirum_11401302.bpm, 85.00
acm_mirum_2226967.bpm, 73.00
acm_mirum_4516375.bpm, 98.50
acm_mirum_2242630.bpm, 143.50
acm_mirum_3222981.bpm, 175.00
acm_mirum_4196932.bpm, 70.00
acm_mirum_272030.bpm, 104.50
acm_mirum_3341786.bpm, 108.00
acm_mirum_3387652.bpm, 94.00
acm_mirum_3325955.bpm, 119.00
acm_mirum_1103942.bpm, 101.00
acm_mirum_390228.bpm, 137.00
acm_mirum_3183530.bpm, 77.00
acm_mirum_3406473.bpm, 104.00
acm_mirum_2169604.bpm, 94.00
acm_mirum_7232134.bpm, 110.50
acm_mirum_8120.bpm, 134.00
acm_mirum_1201257.bpm, 80.00
acm_mirum_5046321.bpm, 89.00
acm_mirum_89335.bpm, 132.00
acm_mirum_3348728.bpm, 83.00
acm_mirum_11401292.bpm, 89.00
acm_mirum_11116237.bpm, 131.00
acm_mirum_5927201.bpm, 95.00
acm_mirum_3131803.bpm, 94.00
acm_mirum_3335357.bpm, 87.00
acm_mirum_3720560.bpm, 84.00
acm_mirum_245039.bpm, 135.00
acm_mirum_5440848.bpm, 67.00
acm_mirum_3133167.bpm, 116.00
acm_mirum_13065657.bpm, 58.00
acm_mirum_1506978.bpm, 110.00
acm_mirum_5637416.bpm, 108.00
acm_mirum_2424561.bpm, 60.00
acm_mirum_6775057.bpm, 105.50
acm_mirum_4132309.bpm, 40.00
acm_mirum_551094.bpm, 157.00
acm_mirum_8563127.bpm, 138.00
acm_mirum_13851876.bpm, 69.00
acm_mirum_5213724.bpm, 165.00
acm_mirum_4327374.bpm, 69.00
acm_mirum_8353032.bpm, 116.00
acm_mirum_1515377.bpm, 77.00
acm_mirum_3672344.bpm, 78.00
acm_mirum_263770.bpm, 60.00
acm_mirum_251548.bpm, 113.00
acm_mirum_3861389.bpm, 107.00
acm_mirum_13527252.bpm, 111.00
acm_mirum_4256335.bpm, 61.00
acm_mirum_9028722.bpm, 83.00
acm_mirum_1173975.bpm, 81.00
acm_mirum_4005052.bpm, 131.00
acm_mirum_164665.bpm, 69.50
acm_mirum_85568.bpm, 75.00
acm_mirum_3534796.bpm, 78.00
acm_mirum_5637421.bpm, 85.00
acm_mirum_3359054.bpm, 126.50
acm_mirum_4904288.bpm, 100.00
acm_mirum_256907.bpm, 104.00
acm_mirum_15380591.bpm, 52.00
acm_mirum_618059.bpm, 177.50
acm_mirum_13376370.bpm, 75.00
acm_mirum_3104372.bpm, 98.00
acm_mirum_8763405.bpm, 121.00
acm_mirum_864400.bpm, 95.00
acm_mirum_1108465.bpm, 122.50
acm_mirum_351345.bpm, 85.00
acm_mirum_3836430.bpm, 73.00
acm_mirum_3516912.bpm, 88.50
acm_mirum_150130.bpm, 67.00
acm_mirum_5423752.bpm, 128.00
acm_mirum_6049275.bpm, 126.00
acm_mirum_5838877.bpm, 126.50
acm_mirum_11173645.bpm, 55.50
acm_mirum_3322905.bpm, 67.00
acm_mirum_162776.bpm, 81.00
acm_mirum_7273342.bpm, 82.00
acm_mirum_4539420.bpm, 74.00
acm_mirum_321507.bpm, 101.00
acm_mirum_228014.bpm, 86.00
acm_mirum_4005430.bpm, 126.00
acm_mirum_4877520.bpm, 119.00
acm_mirum_574956.bpm, 120.00
acm_mirum_5778071.bpm, 86.00
acm_mirum_4268522.bpm, 93.00
acm_mirum_3481732.bpm, 48.00
acm_mirum_2703148.bpm, 156.50
acm_mirum_13080436.bpm, 99.00
acm_mirum_2373182.bpm, 46.00
acm_mirum_3667141.bpm, 92.00
acm_mirum_3216265.bpm, 60.00
acm_mirum_9711668.bpm, 106.00
acm_mirum_3110728.bpm, 166.00
acm_mirum_6724220.bpm, 75.00
acm_mirum_4761062.bpm, 171.00
acm_mirum_10118334.bpm, 81.00
acm_mirum_3534116.bpm, 56.00
acm_mirum_1089239.bpm, 136.00
acm_mirum_390350.bpm, 92.00
acm_mirum_7214193.bpm, 86.00
acm_mirum_1286448.bpm, 106.00
acm_mirum_464870.bpm, 65.00
acm_mirum_3299660.bpm, 121.00
acm_mirum_6936244.bpm, 157.50
acm_mirum_3464193.bpm, 85.00
acm_mirum_4958621.bpm, 146.00
acm_mirum_104186.bpm, 125.00
acm_mirum_3552965.bpm, 158.00
acm_mirum_1231870.bpm, 87.00
acm_mirum_147903.bpm, 91.00
acm_mirum_1448.bpm, 65.00
acm_mirum_2488794.bpm, 56.50
acm_mirum_253654.bpm, 108.00
acm_mirum_8827726.bpm, 83.50
acm_mirum_416978.bpm, 118.50
acm_mirum_4068039.bpm, 119.00
acm_mirum_1173974.bpm, 103.00
acm_mirum_508052.bpm, 95.00
acm_mirum_217392.bpm, 146.00
acm_mirum_173044.bpm, 120.00
acm_mirum_4300870.bpm, 142.00
acm_mirum_407334.bpm, 79.00
acm_mirum_1196613.bpm, 119.50
acm_mirum_4114891.bpm, 110.00
acm_mirum_3113801.bpm, 104.00
acm_mirum_9483330.bpm, 149.00
acm_mirum_11401306.bpm, 77.00
acm_mirum_3411963.bpm, 99.00
acm_mirum_5131962.bpm, 154.00
acm_mirum_2991234.bpm, 103.00
acm_mirum_6018932.bpm, 89.00
acm_mirum_3315216.bpm, 123.00
acm_mirum_3511808.bpm, 96.00
acm_mirum_164628.bpm, 65.00
acm_mirum_3877657.bpm, 143.50
acm_mirum_7549752.bpm, 111.00
acm_mirum_11095374.bpm, 72.00
acm_mirum_497375.bpm, 100.00
acm_mirum_89804.bpm, 131.00
acm_mirum_2503374.bpm, 107.00
acm_mirum_3275055.bpm, 101.00
acm_mirum_3223544.bpm, 84.00
acm_mirum_6009516.bpm, 93.00
acm_mirum_1172179.bpm, 129.00
acm_mirum_1978607.bpm, 119.00
